lastUpdated,title,url
" This page was last edited on 31 July 2021, at 22:55",Kevin Bacon,https://en.wikipedia.org/wiki/Kevin_Bacon
" This page was last edited on 5 August 2021, at 08:46",Kyra Sedgwick,https://en.wikipedia.org/wiki/Kyra_Sedgwick
" This page was last edited on 15 July 2021, at 17:53",Holly Near,https://en.wikipedia.org/wiki/Holly_Near
" This page was last edited on 4 August 2021, at 18:56",A Few Good Men,https://en.wikipedia.org/wiki/A_Few_Good_Men
" This page was last edited on 7 July 2021, at 04:13",Michael Bacon (musician),https://en.wikipedia.org/wiki/Michael_Bacon_(musician)
" This page was last edited on 28 July 2021, at 01:08", (1984 film),https://en.wikipedia.org/wiki/Footloose_(1984_film)
" This page was last edited on 22 April 2021, at 03:12",Edmund Bacon (architect),https://en.wikipedia.org/wiki/Edmund_Bacon_(architect)
" This page was last edited on 17 July 2021, at 23:46",Sosie Bacon,https://en.wikipedia.org/wiki/Sosie_Bacon
" This page was last edited on 11 April 2020, at 17:44",Kevin Bacon (disambiguation),https://en.wikipedia.org/wiki/Kevin_Bacon_(disambiguation)
" This page was last edited on 13 August 2021, at 18:06", (film),https://en.wikipedia.org/wiki/JFK_(film)
" This page was last edited on 15 August 2021, at 16:43",Philadelphia,"https://en.wikipedia.org/wiki/Philadelphia,_Pennsylvania"
" This page was last edited on 4 August 2021, at 13:29",Golden Globe Award for Best Actor – Television Series Musical or Comedy,https://en.wikipedia.org/wiki/Golden_Globe_Award_for_Best_Actor_%E2%80%93_Television_Series_Musical_or_Comedy
" This page was last edited on 9 August 2021, at 01:00",Academy Awards,https://en.wikipedia.org/wiki/Academy_Award
" This page was last edited on 16 August 2021, at 20:47",Streaming television,https://en.wikipedia.org/wiki/Streaming_television
" This page was last edited on 14 August 2021, at 22:05",The Guardian,https://en.wikipedia.org/wiki/The_Guardian
" This page was last edited on 4 July 2021, at 04:13",Trove,https://en.wikipedia.org/wiki/Trove_(identifier)
" This page was last edited on 3 February 2021, at 11:11",Main Page,https://en.wikipedia.org/wiki/Main_Page
" This page was last edited on 25 June 2021, at 23:11", (TV series),https://en.wikipedia.org/wiki/I_Love_Dick_(TV_series)
" This page was last edited on 10 August 2021, at 02:07",Julia Roberts,https://en.wikipedia.org/wiki/Julia_Roberts
" This page was last edited on 30 July 2021, at 14:39",Opposition to United States involvement in the Vietnam War,https://en.wikipedia.org/wiki/Opposition_to_the_Vietnam_War
" This page was last edited on 16 August 2021, at 03:16",Evan Rachel Wood,https://en.wikipedia.org/wiki/Evan_Rachel_Wood
" This page was last edited on 14 August 2021, at 07:23",Rotten Tomatoes,https://en.wikipedia.org/wiki/Rotten_Tomatoes
" This page was last edited on 25 June 2021, at 17:21",David Iglesias (attorney),https://en.wikipedia.org/wiki/David_Iglesias_(attorney)
" This page was last edited on 16 August 2021, at 02:44",Academy Award for Best Picture,https://en.wikipedia.org/wiki/Academy_Award_for_Best_Picture
" This page was last edited on 25 July 2021, at 20:30",Hurricane Maria,https://en.wikipedia.org/wiki/Hurricane_Maria
" This page was last edited on 24 July 2021, at 18:02",Chicago Sun-Times,https://en.wikipedia.org/wiki/Chicago_Sun-Times
" This page was last edited on 26 February 2021, at 20:12",GALA Choruses,https://en.wikipedia.org/wiki/GALA_Choruses
" This page was last edited on 14 July 2021, at 19:13",The Albuquerque Tribune,https://en.wikipedia.org/wiki/The_Albuquerque_Tribune
" This page was last edited on 9 August 2021, at 04:09",The Baltimore Sun,https://en.wikipedia.org/wiki/The_Baltimore_Sun
" This page was last edited on 10 August 2021, at 19:08",Connecticut,https://en.wikipedia.org/wiki/Connecticut
" This page was last edited on 15 August 2021, at 19:50",England,https://en.wikipedia.org/wiki/England
" This page was last edited on 15 March 2021, at 18:02",Box Office Mojo,https://en.wikipedia.org/wiki/Box_Office_Mojo
" This page was last edited on 13 June 2021, at 11:09",International Standard Serial Number,https://en.wikipedia.org/wiki/ISSN_(identifier)
" This page was last edited on 10 August 2021, at 03:11", (film),https://en.wikipedia.org/wiki/Stand_by_Me_(film)
" This page was last edited on 25 April 2021, at 08:15",The Sure Thing,https://en.wikipedia.org/wiki/The_Sure_Thing
" This page was last edited on 6 May 2021, at 23:16",Trial film,https://en.wikipedia.org/wiki/Trial_movies
" This page was last edited on 17 August 2021, at 02:07", (film),https://en.wikipedia.org/wiki/The_Princess_Bride_(film)
" This page was last edited on 15 August 2021, at 02:31",All-news radio,https://en.wikipedia.org/wiki/All-news_radio
" This page was last edited on 4 August 2021, at 19:26",Album-oriented rock,https://en.wikipedia.org/wiki/Album-oriented_rock
" This page was last edited on 7 May 2021, at 21:28",WXTU,https://en.wikipedia.org/wiki/WXTU
" This page was last edited on 7 June 2021, at 12:24",WOGL,https://en.wikipedia.org/wiki/WOGL
" This page was last edited on 12 June 2021, at 15:19",WDAS-FM,https://en.wikipedia.org/wiki/WDAS-FM
" This page was last edited on 18 June 2021, at 21:50",WHYY-FM,https://en.wikipedia.org/wiki/WHYY-FM
" This page was last edited on 4 June 2021, at 10:06",WMMR,https://en.wikipedia.org/wiki/WMMR
" This page was last edited on 27 May 2021, at 21:26",WRNB,https://en.wikipedia.org/wiki/WRNB
" This page was last edited on 13 August 2021, at 23:29",KYW (AM),https://en.wikipedia.org/wiki/KYW_(AM)
" This page was last edited on 25 June 2021, at 02:45",Urban adult contemporary,https://en.wikipedia.org/wiki/Urban_adult_contemporary
" This page was last edited on 11 August 2021, at 03:45", (2008 American film),https://en.wikipedia.org/wiki/Milk_(2008_American_film)
" This page was last edited on 22 April 2021, at 07:26",Ceán Chaffin,https://en.wikipedia.org/wiki/Ce%C3%A1n_Chaffin
" This page was last edited on 7 August 2021, at 17:49",Classic hits,https://en.wikipedia.org/wiki/Classic_hits
" This page was last edited on 27 May 2021, at 21:40",WMGK,https://en.wikipedia.org/wiki/WMGK
" This page was last edited on 6 May 2021, at 01:37",Christian Colson,https://en.wikipedia.org/wiki/Christian_Colson
" This page was last edited on 18 July 2021, at 18:06",Classic rock,https://en.wikipedia.org/wiki/Classic_rock
" This page was last edited on 8 August 2021, at 05:10",BoltBus,https://en.wikipedia.org/wiki/BoltBus
" This page was last edited on 15 August 2021, at 01:00",Greyhound Lines,https://en.wikipedia.org/wiki/Greyhound_Lines
" This page was last edited on 4 August 2021, at 14:36",Service mark,https://en.wikipedia.org/wiki/Service_mark
" This page was last edited on 6 March 2021, at 23:23",Charles Rappleye,https://en.wikipedia.org/wiki/Charles_Rappleye
" This page was last edited on 13 August 2021, at 08:10",Contemporary hit radio,https://en.wikipedia.org/wiki/Contemporary_hit_radio
" This page was last edited on 8 August 2021, at 23:37",U2,https://en.wikipedia.org/wiki/U2
" This page was last edited on 10 June 2021, at 10:08",WKVB (FM),https://en.wikipedia.org/wiki/WKVB_(FM)
" This page was last edited on 13 August 2021, at 05:24",Mosul,https://en.wikipedia.org/wiki/Mosul
" This page was last edited on 8 August 2021, at 02:52","State College, Pennsylvania","https://en.wikipedia.org/wiki/State_College,_Pennsylvania"
" This page was last edited on 15 August 2021, at 03:02",Wyoming Valley,https://en.wikipedia.org/wiki/Wyoming_Valley
" This page was last edited on 19 July 2021, at 18:52",Baltimore–Washington metropolitan area,https://en.wikipedia.org/wiki/Baltimore%E2%80%93Washington_metropolitan_area
" This page was last edited on 3 August 2021, at 23:19",XEG-AM,https://en.wikipedia.org/wiki/XEG-AM
" This page was last edited on 14 August 2021, at 12:44",Greater Pittsburgh Region,https://en.wikipedia.org/wiki/Greater_Pittsburgh_Region
" This page was last edited on 8 August 2021, at 03:31","Lebanon, Pennsylvania","https://en.wikipedia.org/wiki/Lebanon,_Pennsylvania"
" This page was last edited on 3 March 2021, at 07:19","Harrisburg–York–Lebanon, PA Combined Statistical Area","https://en.wikipedia.org/wiki/Harrisburg%E2%80%93York%E2%80%93Lebanon,_PA_Combined_Statistical_Area"
" This page was last edited on 10 May 2021, at 19:19",WWVA (AM),https://en.wikipedia.org/wiki/WWVA_(AM)
" This page was last edited on 14 March 2021, at 07:45",XEB-AM,https://en.wikipedia.org/wiki/XEB-AM
" This page was last edited on 1 July 2021, at 02:26",WSM (AM),https://en.wikipedia.org/wiki/WSM_(AM)
" This page was last edited on 10 August 2021, at 01:25",WSB (AM),https://en.wikipedia.org/wiki/WSB_(AM)
" This page was last edited on 11 August 2021, at 19:45","Johnstown, Pennsylvania","https://en.wikipedia.org/wiki/Johnstown,_Pennsylvania"
" This page was last edited on 20 July 2021, at 13:49",WOAI (AM),https://en.wikipedia.org/wiki/WOAI_(AM)
" This page was last edited on 6 June 2021, at 19:21",WLW,https://en.wikipedia.org/wiki/WLW
" This page was last edited on 11 August 2021, at 23:02",WMVP,https://en.wikipedia.org/wiki/WMVP
" This page was last edited on 28 June 2021, at 23:49",WOR (AM),https://en.wikipedia.org/wiki/WOR_(AM)
" This page was last edited on 31 January 2021, at 09:27",WLXA,https://en.wikipedia.org/wiki/WLXA
" This page was last edited on 18 April 2021, at 12:30",WLNT-LP,https://en.wikipedia.org/wiki/WLNT-LP
" This page was last edited on 3 August 2021, at 12:36",WLLX,https://en.wikipedia.org/wiki/WLLX
" This page was last edited on 30 May 2021, at 15:01",WLOD (AM),https://en.wikipedia.org/wiki/WLOD_(AM)
" This page was last edited on 4 April 2021, at 18:08",WLNQ,https://en.wikipedia.org/wiki/WLNQ
" This page was last edited on 30 July 2021, at 17:23",WLIV-FM,https://en.wikipedia.org/wiki/WLIV-FM
" This page was last edited on 30 January 2021, at 15:34",WLIL,https://en.wikipedia.org/wiki/WLIL
" This page was last edited on 27 July 2021, at 13:00",WLIV (AM),https://en.wikipedia.org/wiki/WLIV_(AM)
" This page was last edited on 23 May 2021, at 18:01",WLAR,https://en.wikipedia.org/wiki/WLAR
" This page was last edited on 30 July 2021, at 17:24",WKXD-FM,https://en.wikipedia.org/wiki/WKXD-FM
" This page was last edited on 31 January 2021, at 11:39",WLCT,https://en.wikipedia.org/wiki/WLCT
" This page was last edited on 31 January 2021, at 08:14",WKJQ-FM,https://en.wikipedia.org/wiki/WKJQ-FM
" This page was last edited on 13 August 2020, at 05:56",WKOS,https://en.wikipedia.org/wiki/WKOS
" This page was last edited on 13 August 2020, at 13:12",WKWX,https://en.wikipedia.org/wiki/WKWX
" This page was last edited on 30 July 2021, at 20:14",WKBQ,https://en.wikipedia.org/wiki/WKBQ
" This page was last edited on 31 January 2021, at 15:46",WJSQ,https://en.wikipedia.org/wiki/WJSQ
" This page was last edited on 19 April 2021, at 14:06",Artrell Hawkins,https://en.wikipedia.org/wiki/Artrell_Hawkins
" This page was last edited on 5 August 2021, at 17:14",CMT Europe,https://en.wikipedia.org/wiki/CMT_Europe
" This page was last edited on 13 August 2020, at 14:26",WWLX,https://en.wikipedia.org/wiki/WWLX
" This page was last edited on 7 December 2020, at 00:41",Carlton Haselrig,https://en.wikipedia.org/wiki/Carlton_Haselrig
" This page was last edited on 15 February 2021, at 05:14","Loretto, Tennessee","https://en.wikipedia.org/wiki/Loretto,_Tennessee"
" This page was last edited on 30 October 2020, at 00:19",WKSR (AM),https://en.wikipedia.org/wiki/WKSR_(AM)
" This page was last edited on 25 August 2020, at 11:26","South Philipsburg, Pennsylvania","https://en.wikipedia.org/wiki/South_Philipsburg,_Pennsylvania"
" This page was last edited on 4 December 2020, at 20:04",1140 AM,https://en.wikipedia.org/wiki/AM_1140
" This page was last edited on 31 January 2021, at 09:15",WIFA (AM),https://en.wikipedia.org/wiki/WIFA_(AM)
" This page was last edited on 16 August 2021, at 18:31","Knoxville, Tennessee",https://en.wikipedia.org/wiki/Knoxville
" This page was last edited on 11 August 2021, at 16:56",Sign-on and sign-off,https://en.wikipedia.org/wiki/Sign-off
" This page was last edited on 3 January 2021, at 03:49",Interurban Press,https://en.wikipedia.org/wiki/Interurban_Press
" This page was last edited on 16 August 2021, at 03:50",New York Mets,https://en.wikipedia.org/wiki/Wayne_Randazzo
" This page was last edited on 31 July 2021, at 18:01",Classic country,https://en.wikipedia.org/wiki/Classic_Country
" This page was last edited on 29 March 2020, at 02:00","Snydertown, Centre County, Pennsylvania","https://en.wikipedia.org/wiki/Snydertown,_Centre_County,_Pennsylvania"
" This page was last edited on 13 August 2020, at 13:38",WBOL,https://en.wikipedia.org/wiki/WBOL
" This page was last edited on 9 August 2021, at 06:37",Simon & Schuster,https://en.wikipedia.org/wiki/Simon_%26_Schuster
" This page was last edited on 10 August 2021, at 07:48",Monterrey,"https://en.wikipedia.org/wiki/Monterrey,_Mexico"
" This page was last edited on 30 May 2021, at 15:03",WDEB (AM),https://en.wikipedia.org/wiki/WDEB_(AM)
" This page was last edited on 13 August 2020, at 14:49",WFGW,https://en.wikipedia.org/wiki/WFGW
" This page was last edited on 8 September 2020, at 10:52",WLHR-LP,https://en.wikipedia.org/wiki/WLHR-LP
" This page was last edited on 16 July 2021, at 01:58",KCXL,https://en.wikipedia.org/wiki/KCXL
" This page was last edited on 14 May 2021, at 09:02",WVLZ (FM),https://en.wikipedia.org/wiki/WVLZ_(FM)
" This page was last edited on 24 April 2021, at 16:31",WCTA,https://en.wikipedia.org/wiki/WCTA
" This page was last edited on 16 August 2021, at 04:15","Johnson City, Tennessee","https://en.wikipedia.org/wiki/Johnson_City,_Tennessee"
" This page was last edited on 13 August 2020, at 08:36",KZMQ (AM),https://en.wikipedia.org/wiki/KZMQ_(AM)
" This page was last edited on 15 October 2020, at 17:56",KBED,https://en.wikipedia.org/wiki/KBED
" This page was last edited on 15 August 2021, at 23:18",Contemporary Christian music,https://en.wikipedia.org/wiki/Contemporary_Christian
" This page was last edited on 7 July 2021, at 17:35",William Bean,https://en.wikipedia.org/wiki/William_Bean
" This page was last edited on 16 August 2021, at 08:17",List of country genres,https://en.wikipedia.org/wiki/List_of_country_genres
" This page was last edited on 14 August 2021, at 14:25",State of Franklin,https://en.wikipedia.org/wiki/State_of_Franklin
" This page was last edited on 13 August 2020, at 02:21",KCUR-FM,https://en.wikipedia.org/wiki/KCUR-FM
" This page was last edited on 23 December 2020, at 02:24",John Tipton (Tennessee frontiersman),https://en.wikipedia.org/wiki/John_Tipton_(Tennessee_frontiersman)
" This page was last edited on 23 December 2020, at 02:54",Tipton-Haynes State Historic Site,https://en.wikipedia.org/wiki/Tipton-Haynes_State_Historic_Site
" This page was last edited on 31 May 2021, at 06:33",John Sevier,https://en.wikipedia.org/wiki/John_Sevier
" This page was last edited on 11 August 2021, at 15:43",Train station,https://en.wikipedia.org/wiki/Railroad_station
" This page was last edited on 3 June 2021, at 19:13",KJNW,https://en.wikipedia.org/wiki/KJNW
" This page was last edited on 2 May 2021, at 18:23",KPRT (AM),https://en.wikipedia.org/wiki/KPRT_(AM)
" This page was last edited on 2 May 2021, at 15:59",KKLO,https://en.wikipedia.org/wiki/KKLO
" This page was last edited on 29 June 2021, at 00:07",KCZZ,https://en.wikipedia.org/wiki/KCZZ
" This page was last edited on 26 June 2021, at 19:04",KESJ,https://en.wikipedia.org/wiki/KESJ
" This page was last edited on 14 August 2021, at 20:25",KCTE,https://en.wikipedia.org/wiki/KCTE
" This page was last edited on 29 January 2021, at 02:31",KCNW,https://en.wikipedia.org/wiki/KCNW
" This page was last edited on 17 September 2019, at 05:47",Salinas Victoria,https://en.wikipedia.org/wiki/Salinas_Victoria
" This page was last edited on 29 June 2021, at 00:06",KDTD,https://en.wikipedia.org/wiki/KDTD
" This page was last edited on 12 August 2021, at 05:17",Monterrey International Airport,https://en.wikipedia.org/wiki/General_Mariano_Escobedo_International_Airport
" This page was last edited on 14 August 2020, at 21:03",Ecovía,https://en.wikipedia.org/wiki/Ecov%C3%ADa
" This page was last edited on 31 May 2021, at 19:20",Apodaca,https://en.wikipedia.org/wiki/Apodaca
" This page was last edited on 10 February 2021, at 04:56",Del Norte International Airport,https://en.wikipedia.org/wiki/Del_Norte_International_Airport
" This page was last edited on 14 August 2021, at 07:15",Aeroméxico,https://en.wikipedia.org/wiki/Aerom%C3%A9xico
" This page was last edited on 15 August 2021, at 12:59",Heineken,https://en.wikipedia.org/wiki/Heineken
" This page was last edited on 1 July 2021, at 19:19",Gruma,https://en.wikipedia.org/wiki/Gruma
" This page was last edited on 23 March 2021, at 22:27",Banorte,https://en.wikipedia.org/wiki/Banorte
" This page was last edited on 14 July 2021, at 05:45",Cuauhtémoc Moctezuma Brewery,https://en.wikipedia.org/wiki/Tecate_(beer)
" This page was last edited on 14 July 2021, at 05:45",Cuauhtémoc Moctezuma Brewery,https://en.wikipedia.org/wiki/Carta_Blanca
" This page was last edited on 9 May 2021, at 11:45",Universidad Regiomontana,https://en.wikipedia.org/wiki/Universidad_Regiomontana
" This page was last edited on 20 July 2021, at 13:32",National Register of Historic Places listings in Arizona,https://en.wikipedia.org/wiki/National_Register_of_Historic_Places_listings_in_Arizona
" This page was last edited on 15 August 2021, at 19:07",University of Monterrey,https://en.wikipedia.org/wiki/Universidad_de_Monterrey
" This page was last edited on 12 August 2021, at 15:14",Monterrey Institute of Technology and Higher Education,https://en.wikipedia.org/wiki/Instituto_Tecnol%C3%B3gico_y_de_Estudios_Superiores_de_Monterrey
" This page was last edited on 14 July 2021, at 05:45",Cuauhtémoc Moctezuma Brewery,https://en.wikipedia.org/wiki/Dos_Equis
" This page was last edited on 22 June 2021, at 14:14",National Register of Historic Places listings in Arkansas,https://en.wikipedia.org/wiki/National_Register_of_Historic_Places_listings_in_Arkansas
" This page was last edited on 28 June 2021, at 01:20","Polk County, Tennessee","https://en.wikipedia.org/wiki/Polk_County,_Tennessee"
" This page was last edited on 28 June 2021, at 01:13","Pickett County, Tennessee","https://en.wikipedia.org/wiki/Pickett_County,_Tennessee"
" This page was last edited on 2 July 2021, at 21:00","Rhea County, Tennessee","https://en.wikipedia.org/wiki/Rhea_County,_Tennessee"
" This page was last edited on 2 July 2021, at 21:00","Robertson County, Tennessee","https://en.wikipedia.org/wiki/Robertson_County,_Tennessee"
" This page was last edited on 28 June 2021, at 01:09","Overton County, Tennessee","https://en.wikipedia.org/wiki/Overton_County,_Tennessee"
" This page was last edited on 28 June 2021, at 01:07","Obion County, Tennessee","https://en.wikipedia.org/wiki/Obion_County,_Tennessee"
" This page was last edited on 14 August 2021, at 11:05","Putnam County, Tennessee","https://en.wikipedia.org/wiki/Putnam_County,_Tennessee"
" This page was last edited on 28 June 2021, at 01:04","Morgan County, Tennessee","https://en.wikipedia.org/wiki/Morgan_County,_Tennessee"
" This page was last edited on 28 June 2021, at 01:11","Perry County, Tennessee","https://en.wikipedia.org/wiki/Perry_County,_Tennessee"
" This page was last edited on 7 August 2021, at 21:21","McMinn County, Tennessee","https://en.wikipedia.org/wiki/McMinn_County,_Tennessee"
" This page was last edited on 13 August 2021, at 16:57","McNairy County, Tennessee","https://en.wikipedia.org/wiki/McNairy_County,_Tennessee"
" This page was last edited on 14 August 2021, at 05:04","Montgomery County, Tennessee","https://en.wikipedia.org/wiki/Montgomery_County,_Tennessee"
" This page was last edited on 12 August 2021, at 19:05","Maury County, Tennessee","https://en.wikipedia.org/wiki/Maury_County,_Tennessee"
" This page was last edited on 15 July 2021, at 23:37","Meigs County, Tennessee","https://en.wikipedia.org/wiki/Meigs_County,_Tennessee"
" This page was last edited on 15 August 2021, at 04:00",C.F. Monterrey,https://en.wikipedia.org/wiki/Rayados
" This page was last edited on 27 June 2021, at 21:29","Marshall County, Tennessee","https://en.wikipedia.org/wiki/Marshall_County,_Tennessee"
" This page was last edited on 28 June 2021, at 00:59","Moore County, Tennessee","https://en.wikipedia.org/wiki/Moore_County,_Tennessee"
" This page was last edited on 14 August 2021, at 23:07",Tuxtla Gutiérrez,https://en.wikipedia.org/wiki/Tuxtla_Guti%C3%A9rrez
" This page was last edited on 10 August 2021, at 14:59",Chihuahua City,https://en.wikipedia.org/wiki/Chihuahua_City
" This page was last edited on 21 July 2021, at 11:09",Passenger rail terminology,https://en.wikipedia.org/wiki/Heavy_rail
" This page was last edited on 14 August 2021, at 06:46",Higher-speed rail,https://en.wikipedia.org/wiki/Higher-speed_rail
" This page was last edited on 19 June 2021, at 07:28",Heritage railway,https://en.wikipedia.org/wiki/Heritage_railway
" This page was last edited on 19 November 2020, at 17:03",Open top bus,https://en.wikipedia.org/wiki/Open_top_bus
" This page was last edited on 30 July 2021, at 12:09",Horsecar,https://en.wikipedia.org/wiki/Horsecar
" This page was last edited on 13 August 2021, at 06:35",Heritage streetcar,https://en.wikipedia.org/wiki/Heritage_streetcar
" This page was last edited on 12 August 2021, at 00:00",Villahermosa,https://en.wikipedia.org/wiki/Villahermosa
" This page was last edited on 9 August 2021, at 15:08",Pepsi,https://en.wikipedia.org/wiki/Pepsi
" This page was last edited on 2 August 2021, at 11:54",Adidas,https://en.wikipedia.org/wiki/Adidas
" This page was last edited on 9 August 2021, at 15:27",Puma (brand),https://en.wikipedia.org/wiki/Puma_(brand)
" This page was last edited on 23 January 2021, at 02:27",Atletica,https://en.wikipedia.org/wiki/Atletica
" This page was last edited on 25 June 2021, at 08:20",Populous (company),https://en.wikipedia.org/wiki/Populous_(company)
" This page was last edited on 31 January 2021, at 12:52",Asturias F.C.,https://en.wikipedia.org/wiki/Asturias_F.C.
" This page was last edited on 13 June 2021, at 15:05",Hamburg University of Technology,https://en.wikipedia.org/wiki/Hamburg_University_of_Technology
" This page was last edited on 16 August 2021, at 22:48","Nike, Inc.","https://en.wikipedia.org/wiki/Nike,_Inc."
" This page was last edited on 29 June 2021, at 14:08",Aalborg University,https://en.wikipedia.org/wiki/University_of_Aalborg
" This page was last edited on 11 August 2021, at 01:16",Autonomous University of Barcelona,https://en.wikipedia.org/wiki/Autonomous_University_of_Barcelona
" This page was last edited on 11 August 2021, at 00:14",University of Aveiro,https://en.wikipedia.org/wiki/University_of_Aveiro
" This page was last edited on 22 June 2021, at 16:54",Tampere University,https://en.wikipedia.org/wiki/Tampere_University
" This page was last edited on 11 August 2021, at 02:45",Linköping University,https://en.wikipedia.org/wiki/Link%C3%B6ping_University
" This page was last edited on 30 June 2021, at 22:45",Dublin City University,https://en.wikipedia.org/wiki/Dublin_City_University
" This page was last edited on 3 June 2021, at 13:21",River Street Streetcar,https://en.wikipedia.org/wiki/River_Street_streetcar
" This page was last edited on 10 August 2021, at 05:04",Captain (association football),https://en.wikipedia.org/wiki/Captain_(association_football)
" This page was last edited on 16 August 2021, at 00:40",University of Washington,https://en.wikipedia.org/wiki/University_of_Washington
" This page was last edited on 15 August 2021, at 10:03",Biodiesel,https://en.wikipedia.org/wiki/Biodiesel
" This page was last edited on 10 July 2021, at 01:02",Costa Rican Football Federation,https://en.wikipedia.org/wiki/Costa_Rican_Football_Federation
" This page was last edited on 26 July 2021, at 02:55",University of Oregon,https://en.wikipedia.org/wiki/University_of_Oregon
" This page was last edited on 14 August 2021, at 03:57",Adam Bareiro,https://en.wikipedia.org/wiki/Adam_Bareiro
" This page was last edited on 12 August 2021, at 05:44",Daniel Parra,https://en.wikipedia.org/wiki/Daniel_Parra
" This page was last edited on 11 August 2021, at 20:06","El Reno, Oklahoma","https://en.wikipedia.org/wiki/El_Reno,_Oklahoma"
" This page was last edited on 11 June 2021, at 07:38",2004 CONCACAF Champions' Cup,https://en.wikipedia.org/wiki/2004_CONCACAF_Champions%27_Cup
" This page was last edited on 21 June 2021, at 19:43",2008–09 CONCACAF Champions League,https://en.wikipedia.org/wiki/2008%E2%80%9309_CONCACAF_Champions_League
" This page was last edited on 11 June 2021, at 07:38",2005 CONCACAF Champions' Cup,https://en.wikipedia.org/wiki/2005_CONCACAF_Champions%27_Cup
" This page was last edited on 11 June 2021, at 07:38",2008 CONCACAF Champions' Cup,https://en.wikipedia.org/wiki/2008_CONCACAF_Champions%27_Cup
" This page was last edited on 11 June 2021, at 07:38",2003 CONCACAF Champions' Cup,https://en.wikipedia.org/wiki/2003_CONCACAF_Champions%27_Cup
" This page was last edited on 11 June 2021, at 07:38",2006 CONCACAF Champions' Cup,https://en.wikipedia.org/wiki/2006_CONCACAF_Champions%27_Cup
" This page was last edited on 16 June 2021, at 12:57",2009–10 CONCACAF Champions League,https://en.wikipedia.org/wiki/2009%E2%80%9310_CONCACAF_Champions_League
" This page was last edited on 21 July 2021, at 18:24",2007 CONCACAF Champions' Cup,https://en.wikipedia.org/wiki/2007_CONCACAF_Champions%27_Cup
" This page was last edited on 11 June 2021, at 07:40",2002 CONCACAF Champions' Cup,https://en.wikipedia.org/wiki/2002_CONCACAF_Champions%27_Cup
" This page was last edited on 15 August 2021, at 17:36",LA Galaxy,https://en.wikipedia.org/wiki/LA_Galaxy
" This page was last edited on 1 August 2021, at 00:23",Bechtle,https://en.wikipedia.org/wiki/Bechtle
" This page was last edited on 10 July 2021, at 00:58",Deutsche Mark,https://en.wikipedia.org/wiki/Deutsche_Mark
" This page was last edited on 5 June 2021, at 13:33",Armin Dassler,https://en.wikipedia.org/wiki/Armin_Dassler
" This page was last edited on 22 May 2021, at 05:13",1999 CONCACAF Champions' Cup,https://en.wikipedia.org/wiki/1999_CONCACAF_Champions%27_Cup
" This page was last edited on 15 August 2021, at 11:51",Joint-stock company,https://en.wikipedia.org/wiki/Stock_corporation
" This page was last edited on 9 August 2021, at 04:31",List of swimwear brands,https://en.wikipedia.org/wiki/List_of_swimwear_brands
" This page was last edited on 8 July 2021, at 01:18",1998 CONCACAF Champions' Cup,https://en.wikipedia.org/wiki/1998_CONCACAF_Champions%27_Cup
" This page was last edited on 22 May 2021, at 05:14",2000 CONCACAF Champions' Cup,https://en.wikipedia.org/wiki/2000_CONCACAF_Champions%27_Cup
" This page was last edited on 16 August 2021, at 08:11",Hella (company),https://en.wikipedia.org/wiki/Hella_(company)
" This page was last edited on 20 July 2021, at 17:05",HelloFresh,https://en.wikipedia.org/wiki/HelloFresh
" This page was last edited on 6 July 2021, at 06:27",Vonovia,https://en.wikipedia.org/wiki/Vonovia
" This page was last edited on 5 August 2021, at 16:39",Homegrown Player Rule (Major League Soccer),https://en.wikipedia.org/wiki/Homegrown_Player_Rule_(Major_League_Soccer)
" This page was last edited on 16 August 2021, at 00:24",Kévin Cabral,https://en.wikipedia.org/wiki/K%C3%A9vin_Cabral
" This page was last edited on 12 July 2021, at 11:03",Munich Re,https://en.wikipedia.org/wiki/Munich_Re
" This page was last edited on 21 July 2021, at 01:33",MTU Aero Engines,https://en.wikipedia.org/wiki/MTU_Aero_Engines
" This page was last edited on 14 June 2021, at 13:14",RWE,https://en.wikipedia.org/wiki/RWE
" This page was last edited on 15 June 2021, at 10:09",Royal Spanish Football Federation,https://en.wikipedia.org/wiki/Royal_Spanish_Football_Federation
" This page was last edited on 9 August 2021, at 04:25",Samuel Grandsir,https://en.wikipedia.org/wiki/Samuel_Grandsir
" This page was last edited on 12 August 2021, at 23:56",Niko Hämäläinen,https://en.wikipedia.org/wiki/Niko_H%C3%A4m%C3%A4l%C3%A4inen
" This page was last edited on 20 July 2021, at 11:58",Eric Lopez (soccer),https://en.wikipedia.org/wiki/Eric_Lopez_(soccer)
" This page was last edited on 18 July 2021, at 21:56",Séga Coulibaly,https://en.wikipedia.org/wiki/S%C3%A9ga_Coulibaly
" This page was last edited on 7 August 2021, at 23:53",French Football Federation,https://en.wikipedia.org/wiki/French_Football_Federation
" This page was last edited on 1 August 2021, at 06:37","Víctor Vázquez (footballer, born 1987)","https://en.wikipedia.org/wiki/V%C3%ADctor_V%C3%A1zquez_(footballer,_born_1987)"
" This page was last edited on 18 March 2021, at 23:49",Lothar Osiander,https://en.wikipedia.org/wiki/Lothar_Osiander
" This page was last edited on 5 April 2021, at 11:54",Malagasy Football Federation,https://en.wikipedia.org/wiki/Malagasy_Football_Federation
" This page was last edited on 8 June 2021, at 20:39",Raúl Mendiola,https://en.wikipedia.org/wiki/Raul_Mendiola
" This page was last edited on 9 August 2021, at 04:24",Rayan Raveloson,https://en.wikipedia.org/wiki/Rayan_Raveloson
" This page was last edited on 8 June 2021, at 18:47",Daniel Steres,https://en.wikipedia.org/wiki/Daniel_Steres
" This page was last edited on 18 July 2021, at 13:26",2020 Leagues Cup,https://en.wikipedia.org/wiki/2020_Leagues_Cup
" This page was last edited on 8 August 2021, at 07:18",George Campbell (soccer),https://en.wikipedia.org/wiki/George_Campbell_(soccer)
" This page was last edited on 10 July 2021, at 20:11",MLS is Back Tournament,https://en.wikipedia.org/wiki/MLS_is_Back_Tournament
" This page was last edited on 13 August 2021, at 14:00",2019 Leagues Cup,https://en.wikipedia.org/wiki/2019_Leagues_Cup
" This page was last edited on 5 July 2021, at 05:58",2008 North American SuperLiga,https://en.wikipedia.org/wiki/2008_North_American_SuperLiga
" This page was last edited on 11 May 2021, at 07:59",Rolf Eberhard Buch,https://en.wikipedia.org/wiki/Rolf_Eberhard_Buch
" This page was last edited on 20 April 2021, at 19:34",2019 Major League Soccer season,https://en.wikipedia.org/wiki/2019_Major_League_Soccer_season
" This page was last edited on 10 July 2021, at 02:01",2019 U.S. Open Cup,https://en.wikipedia.org/wiki/2019_U.S._Open_Cup
" This page was last edited on 20 April 2021, at 20:05",2020 LA Galaxy season,https://en.wikipedia.org/wiki/2020_LA_Galaxy_season
" This page was last edited on 8 August 2021, at 07:12",Nick Lima,https://en.wikipedia.org/wiki/Nick_Lima
" This page was last edited on 11 August 2021, at 00:17",Diego Fagúndez,https://en.wikipedia.org/wiki/Diego_Fag%C3%BAndez
" This page was last edited on 31 July 2021, at 03:58",Machop Chol,https://en.wikipedia.org/wiki/Machop_Chol
" This page was last edited on 15 August 2021, at 22:04",Atlanta United FC,https://en.wikipedia.org/wiki/Atlanta_United_FC
" This page was last edited on 8 August 2021, at 07:19",George Bello,https://en.wikipedia.org/wiki/George_Bello
" This page was last edited on 9 August 2021, at 03:51",Bryce Washington (soccer),https://en.wikipedia.org/wiki/Bryce_Washington_(soccer)
" This page was last edited on 17 August 2021, at 00:30",Austin FC,https://en.wikipedia.org/wiki/Austin_FC
